concert_name,crawl_date,d_day,concert_date,product_id,perform_date,grade,floor,area,seat_number,seat_remark,add_info,quantity,transaction_type,is_safe_transaction,resale_price,official_price,premium_amount,premium_rate_pct,product_status,created_at,,days_to_concert
양요섭 2026 - 서울,2026-05-29,D-1,2026-05-30,8981383,2026-05-30 18:00,R,플로어석 (Floor),IN4,8~11,,,1,현장/기타,NO,310000,165000,145000,87.9,SALE,2026-05-13 11:25:35,,16.52390046
양요섭 2026 - 서울,2026-05-29,D-1,2026-05-30,8708225,2026-05-30 18:00,R,플로어석 (Floor),FADE1,7,,,1,기타,NO,330000,165000,165000,100,SALE,2026-04-09 21:53:40,,50.08773148
양요섭 2026 - 서울,2026-05-29,D-1,2026-05-30,8764929,2026-05-30 18:00,R,플로어석 (Floor),FADE3,8,,,1,현장,NO,350000,165000,185000,112.1,SALE,2026-04-17 13:27:40,,42.43912037
양요섭 2026 - 서울,2026-05-29,D-1,2026-05-30,9110535,2026-05-30 18:00,R,플로어석 (Floor),IN2,4,,,1,현장,NO,380000,165000,215000,130.3,SALE,2026-05-29 4:16:28,,0.8218981481
양요섭 2026 - 서울,2026-05-29,D-1,2026-05-30,9115945,2026-05-30 18:00,R,플로어석 (Floor),FADE2,4,,10-15번 사이,1,현장,NO,450000,165000,285000,172.7,SALE,2026-05-29 15:49:30,,0.340625
양요섭 2026 - 서울,2026-05-29,D-1,2026-05-30,9110618,2026-05-31 16:00,R,플로어석 (Floor),IN3,12,,공연장전달,1,현장,NO,450000,165000,285000,172.7,SALE,2026-05-29 6:55:33,,0.7114236111
양요섭 2026 - 서울,2026-05-29,D-1,2026-05-30,8707817,2026-05-31 16:00,R,플로어석 (Floor),FADE3,1,,,1,배송/현장,NO,450000,165000,285000,172.7,SALE,2026-04-09 20:55:12,,50.12833333
양요섭 2026 - 서울,2026-05-29,D-1,2026-05-30,9068068,2026-05-30 18:00,R,플로어석 (Floor),IN3,12,,실질 1열,1,현장,NO,500000,165000,335000,203,SALE,2026-05-24 1:55:17,,5.91994213
양요섭 2026 - 서울,2026-05-29,D-1,2026-05-30,8824642,2026-05-30 18:00,R,플로어석 (Floor),IN2,4,86,,1,현장/기타,NO,500000,165000,335000,203,SALE,2026-04-24 13:38:24,,35.43166667
양요섭 2026 - 서울,2026-05-29,D-1,2026-05-30,8707836,2026-05-31 16:00,R,플로어석 (Floor),IN2,1,,좌석 사진O,1,현장,NO,500000,165000,335000,203,SALE,2026-04-09 20:57:40,,50.12662037
양요섭 2026 - 서울,2026-05-29,D-1,2026-05-30,9110785,2026-05-30 18:00,R,플로어석 (Floor),IN3,돌출 중앙실1,86,12열 돌출실1열,1,현장/기타,NO,600000,165000,435000,263.6,SALE,2026-05-29 8:08:08,,0.6610185185
양요섭 2026 - 서울,2026-05-29,D-1,2026-05-30,8977832,2026-05-30 18:00,R,플로어석 (Floor),FADE4,12,86,27~32번실질1열,1,현장,NO,600000,165000,435000,263.6,SALE,2026-05-12 22:10:09,,17.07628472
양요섭 2026 - 서울,2026-05-29,D-1,2026-05-30,8995610,2026-05-31 16:00,R,플로어석 (Floor),FADE4,12,,돌출앞1열,1,현장,NO,790000,165000,625000,378.8,SALE,2026-05-14 23:03:18,,15.039375
양요섭 2026 - 서울,2026-05-29,D-1,2026-05-30,8995602,2026-05-31 16:00,R,플로어석 (Floor),FADE4,12열 실질1,,,1,현장,NO,790000,165000,625000,378.8,SALE,2026-05-14 23:02:20,,15.0400463
양요섭 2026 - 서울,2026-05-29,D-1,2026-05-30,8995587,2026-05-30 18:00,R,플로어석 (Floor),IN3,12,,실제1열사진,1,기타,NO,850000,165000,685000,415.2,SALE,2026-05-14 22:59:06,,15.04229167
양요섭 2026 - 서울,2026-05-29,D-1,2026-05-30,9089692,2026-05-31 16:00,R,플로어석 (Floor),FADE4,8,86,사진참조 명당자리,1,현장,NO,870000,165000,705000,427.3,SALE,2026-05-26 22:22:16,,3.06787037
양요섭 2026 - 서울,2026-05-29,D-1,2026-05-30,8995576,2026-05-31 16:00,R,플로어석 (Floor),IN3,12,,실제1열사진,1,기타,NO,885000,165000,720000,436.4,SALE,2026-05-14 22:57:30,,15.04340278
도겸x승관 2026 - 대구,2026-05-29,D-2,2026-05-31,9096401,2026-05-31 17:00,R,플로어석 (Floor),401,6,,,1,기타,NO,130000,143000,-13000,-9.1,SALE,2026-05-27 15:16:58,,3.363217593
도겸x승관 2026 - 대구,2026-05-29,D-2,2026-05-31,9068474,2026-05-30 18:00,R,플로어석 (Floor),302,7,,,1,배송/기타,NO,142000,143000,-1000,-0.7,SALE,2026-05-24 8:41:46,,6.637662037
도겸x승관 2026 - 대구,2026-05-29,D-2,2026-05-31,9039088,2026-05-30 18:00,일반(지정석),플로어석 (Floor),201,16,86,토롯코쪽,1,현장,NO,143000,143000,0,0,SALE,2026-05-21 10:25:52,,9.56537037
도겸x승관 2026 - 대구,2026-05-29,D-2,2026-05-31,9030411,2026-05-30 18:00,일반(지정석),플로어석 (Floor),202,13,86,,1,현장,NO,165000,143000,22000,15.4,SALE,2026-05-19 21:56:43,,11.08561343
도겸x승관 2026 - 대구,2026-05-29,D-2,2026-05-31,9116098,2026-05-30 18:00,일반(지정석),플로어석 (Floor),203,1n,,팔찌x 통로 2번,1,현장,NO,190000,143000,47000,32.9,SALE,2026-05-29 16:11:53,,1.325081019
도겸x승관 2026 - 대구,2026-05-29,D-2,2026-05-31,9116171,2026-05-30 18:00,일반(지정석),플로어석 (Floor),202,17,86,,1,현장/기타,NO,200000,143000,57000,39.9,SALE,2026-05-29 16:19:30,,1.319791667
도겸x승관 2026 - 대구,2026-05-29,D-2,2026-05-31,9035844,2026-05-30 18:00,일반(지정석),플로어석 (Floor),104,14,,,1,현장,NO,230000,143000,87000,60.8,SALE,2026-05-20 17:07:36,,10.28638889
도겸x승관 2026 - 대구,2026-05-29,D-2,2026-05-31,9115185,2026-05-31 17:00,일반(지정석),플로어석 (Floor),103,16,,사진o,1,현장,NO,250000,143000,107000,74.8,SALE,2026-05-29 14:32:10,,1.394328704
도겸x승관 2026 - 대구,2026-05-29,D-2,2026-05-31,9115936,2026-05-30 18:00,일반(지정석),플로어석 (Floor),204,17,86,현장도움팔뜯가능,1,현장/기타,NO,270000,143000,127000,88.8,SALE,2026-05-29 15:48:16,,1.341481481
도겸x승관 2026 - 대구,2026-05-29,D-2,2026-05-31,9115889,2026-05-30 18:00,일반(지정석),플로어석 (Floor),203,16,,,1,현장,NO,270000,143000,127000,88.8,SALE,2026-05-29 15:39:37,,1.347488426
도겸x승관 2026 - 대구,2026-05-29,D-2,2026-05-31,8932964,2026-05-31 17:00,일반(지정석),플로어석 (Floor),303,13,,통로,1,기타,NO,270000,143000,127000,88.8,SALE,2026-05-07 19:20:47,,23.19390046
도겸x승관 2026 - 대구,2026-05-29,D-2,2026-05-31,9028987,2026-05-31 17:00,일반(지정석),플로어석 (Floor),201,19,86,,1,현장,NO,280000,143000,137000,95.8,SALE,2026-05-19 16:11:58,,11.32502315
도겸x승관 2026 - 대구,2026-05-29,D-2,2026-05-31,8933169,2026-05-31 17:00,일반(지정석),플로어석 (Floor),201,15,86,현장도움 가능,1,현장,NO,280000,143000,137000,95.8,SALE,2026-05-07 20:14:44,,23.15643519
도겸x승관 2026 - 대구,2026-05-29,D-2,2026-05-31,9090219,2026-05-31 17:00,일반(지정석),플로어석 (Floor),101,16,,,1,기타,NO,295000,143000,152000,106.3,SALE,2026-05-26 23:36:24,,4.016388889
도겸x승관 2026 - 대구,2026-05-29,D-2,2026-05-31,9106895,2026-05-31 17:00,일반(지정석),플로어석 (Floor),104,10,86,,1,현장,NO,300000,143000,157000,109.8,SALE,2026-05-28 16:06:49,,2.328599537
도겸x승관 2026 - 대구,2026-05-29,D-2,2026-05-31,9090212,2026-05-30 18:00,일반(지정석),플로어석 (Floor),205,9,,,1,기타,NO,300000,143000,157000,109.8,SALE,2026-05-26 23:35:19,,4.017141204
도겸x승관 2026 - 대구,2026-05-29,D-2,2026-05-31,8974091,2026-05-31 17:00,일반(지정석),플로어석 (Floor),104,21,86,현장도움,1,현장,NO,300000,143000,157000,109.8,SALE,2026-05-12 14:15:13,,18.40609954
도겸x승관 2026 - 대구,2026-05-29,D-2,2026-05-31,8920883,2026-05-31 17:00,일반(지정석),플로어석 (Floor),201,3,,왼쪽 N번대,1,배송,NO,300000,143000,157000,109.8,SALE,2026-05-06 3:05:47,,24.8709838
도겸x승관 2026 - 대구,2026-05-29,D-2,2026-05-31,8913901,2026-05-31 17:00,일반(지정석),플로어석 (Floor),206,11,86,1,1,현장,NO,300000,143000,157000,109.8,SALE,2026-05-05 0:03:34,,25.99752315
도겸x승관 2026 - 대구,2026-05-29,D-2,2026-05-31,9037431,2026-05-30 18:00,일반(지정석),플로어석 (Floor),205,11,86,,1,현장,NO,330000,143000,187000,130.8,SALE,2026-05-20 22:39:18,,10.05604167
도겸x승관 2026 - 대구,2026-05-29,D-2,2026-05-31,8974165,2026-05-31 17:00,일반(지정석),플로어석 (Floor),302,4,86,입장도움,1,현장,NO,330000,143000,187000,130.8,SALE,2026-05-12 14:21:31,,18.40172454
도겸x승관 2026 - 대구,2026-05-29,D-2,2026-05-31,8935783,2026-05-31 17:00,일반(지정석),플로어석 (Floor),206,3,86,현장도움O,1,현장,NO,330000,143000,187000,130.8,SALE,2026-05-08 10:30:19,,22.56228009
도겸x승관 2026 - 대구,2026-05-29,D-2,2026-05-31,9040292,2026-05-30 18:00,일반(지정석),플로어석 (Floor),102,17,86,,1,현장,NO,350000,143000,207000,144.8,SALE,2026-05-21 12:08:15,,9.494270833
도겸x승관 2026 - 대구,2026-05-29,D-2,2026-05-31,8973523,2026-05-31 17:00,일반(지정석),플로어석 (Floor),104,12,86,현장도움,1,현장/기타,NO,350000,143000,207000,144.8,SALE,2026-05-12 13:06:37,,18.45373843
도겸x승관 2026 - 대구,2026-05-29,D-2,2026-05-31,8967838,2026-05-31 17:00,일반(지정석),플로어석 (Floor),202,16,86,현장도움,1,현장/기타,NO,350000,143000,207000,144.8,SALE,2026-05-11 20:39:50,,19.13900463
도겸x승관 2026 - 대구,2026-05-29,D-2,2026-05-31,8935079,2026-05-31 17:00,일반(지정석),플로어석 (Floor),104,초명당 무대쪽 15,86,사진O 현장도움,1,현장,NO,350000,143000,207000,144.8,SALE,2026-05-08 7:55:13,,22.66998843
도겸x승관 2026 - 대구,2026-05-29,D-2,2026-05-31,8970223,2026-05-30 18:00,일반(지정석),플로어석 (Floor),205,8,86,,1,현장,NO,380000,143000,237000,165.7,SALE,2026-05-12 9:41:16,,18.59634259
도겸x승관 2026 - 대구,2026-05-29,D-2,2026-05-31,9037505,2026-05-31 17:00,일반(지정석),플로어석 (Floor),104,7,86,11,1,현장,NO,390000,143000,247000,172.7,SALE,2026-05-20 22:56:11,,10.04431713
도겸x승관 2026 - 대구,2026-05-29,D-2,2026-05-31,9063191,2026-05-30 18:00,일반(지정석),플로어석 (Floor),202,18,,,1,현장,NO,400000,143000,257000,179.7,SALE,2026-05-23 12:31:13,,7.478321759
도겸x승관 2026 - 대구,2026-05-29,D-2,2026-05-31,9035333,2026-05-31 17:00,일반(지정석),플로어석 (Floor),102,10,,아옮,1,PIN,NO,430000,143000,287000,200.7,SALE,2026-05-20 15:45:30,,10.34340278
도겸x승관 2026 - 대구,2026-05-29,D-2,2026-05-31,8933604,2026-05-31 17:00,일반(지정석),플로어석 (Floor),205,14,86,현장도움,1,현장,NO,450000,143000,307000,214.7,SALE,2026-05-07 21:01:11,,23.12417824
도겸x승관 2026 - 대구,2026-05-29,D-2,2026-05-31,8913822,2026-05-30 18:00,일반(지정석),플로어석 (Floor),204,11,,4번이내,1,PIN,NO,450000,143000,307000,214.7,SALE,2026-05-04 23:45:17,,26.01021991
도겸x승관 2026 - 대구,2026-05-29,D-2,2026-05-31,9097731,2026-05-30 18:00,일반(지정석),플로어석 (Floor),103,5,86,현장도움,1,현장,NO,500000,143000,357000,249.7,SALE,2026-05-27 17:09:37,,3.284988426
도겸x승관 2026 - 대구,2026-05-29,D-2,2026-05-31,9078590,2026-05-31 17:00,일반(지정석),플로어석 (Floor),103,10,86,현장도움,1,현장/기타,NO,500000,143000,357000,249.7,SALE,2026-05-25 22:40:35,,5.055150463
도겸x승관 2026 - 대구,2026-05-29,D-2,2026-05-31,9012150,2026-05-31 17:00,일반(지정석),플로어석 (Floor),101,17,86,돌출쪽 극오블 2n,1,현장,NO,500000,143000,357000,249.7,SALE,2026-05-16 20:58:53,,14.12577546
도겸x승관 2026 - 대구,2026-05-29,D-2,2026-05-31,8961312,2026-05-30 18:00,일반(지정석),플로어석 (Floor),104,18,,,1,현장,NO,500000,143000,357000,249.7,SALE,2026-05-10 17:48:16,,20.25814815
도겸x승관 2026 - 대구,2026-05-29,D-2,2026-05-31,8913262,2026-05-30 18:00,일반(지정석),플로어석 (Floor),101,16,,13,1,PIN/기타,NO,500000,143000,357000,249.7,SALE,2026-05-04 21:46:55,,26.09241898
도겸x승관 2026 - 대구,2026-05-29,D-2,2026-05-31,9073655,2026-05-31 17:00,일반(지정석),플로어석 (Floor),204,14~17,86,발롯코 2열,1,현장,NO,550000,143000,407000,284.6,SALE,2026-05-24 20:33:57,,6.143090278
도겸x승관 2026 - 대구,2026-05-29,D-2,2026-05-31,9004076,2026-05-31 17:00,일반(지정석),플로어석 (Floor),102,18,86,사진O,1,현장,NO,550000,143000,407000,284.6,SALE,2026-05-15 22:17:11,,15.07140046
도겸x승관 2026 - 대구,2026-05-29,D-2,2026-05-31,8965377,2026-05-31 17:00,일반(지정석),플로어석 (Floor),101,14,86,현장도움,1,현장,NO,550000,143000,407000,284.6,SALE,2026-05-11 12:55:04,,19.46175926
도겸x승관 2026 - 대구,2026-05-29,D-2,2026-05-31,9114192,2026-05-31 17:00,일반(지정석),플로어석 (Floor),103,7,,4~6,1,기타,NO,600000,143000,457000,319.6,SALE,2026-05-29 12:40:08,,1.47212963
도겸x승관 2026 - 대구,2026-05-29,D-2,2026-05-31,9108227,2026-05-31 17:00,일반(지정석),플로어석 (Floor),202,11,86,,1,현장/기타,NO,600000,143000,457000,319.6,SALE,2026-05-28 19:29:01,,2.18818287
도겸x승관 2026 - 대구,2026-05-29,D-2,2026-05-31,9059713,2026-05-31 17:00,일반(지정석),플로어석 (Floor),103,11,,현장도움,1,기타,NO,600000,143000,457000,319.6,SALE,2026-05-23 4:10:30,,7.826041667
도겸x승관 2026 - 대구,2026-05-29,D-2,2026-05-31,9059712,2026-05-30 18:00,일반(지정석),플로어석 (Floor),103,9,,현장도움,1,기타,NO,600000,143000,457000,319.6,SALE,2026-05-23 4:10:10,,7.826273148
도겸x승관 2026 - 대구,2026-05-29,D-2,2026-05-31,9038172,2026-05-31 17:00,일반(지정석),플로어석 (Floor),103,12,86,현장도움,1,기타,NO,600000,143000,457000,319.6,SALE,2026-05-21 2:06:19,,9.912280093
도겸x승관 2026 - 대구,2026-05-29,D-2,2026-05-31,9096699,2026-05-30 18:00,일반(지정석),플로어석 (Floor),103,6,,n번위치사진계정이동,1,기타,NO,645000,143000,502000,351,SALE,2026-05-27 15:57:47,,3.334872685
도겸x승관 2026 - 대구,2026-05-29,D-2,2026-05-31,9078023,2026-05-31 17:00,일반(지정석),플로어석 (Floor),102,14,86,,1,PIN/현장,NO,680000,143000,537000,375.5,SALE,2026-05-25 20:55:41,,5.127997685
도겸x승관 2026 - 대구,2026-05-29,D-2,2026-05-31,9040472,2026-05-30 18:00,일반(지정석),플로어석 (Floor),204,22,86,사진O,1,PIN/현장,NO,680000,143000,537000,375.5,SALE,2026-05-21 12:23:40,,9.483564815
도겸x승관 2026 - 대구,2026-05-29,D-2,2026-05-31,9024841,2026-05-31 17:00,일반(지정석),플로어석 (Floor),102,11,86,현장도움,1,현장,NO,700000,143000,557000,389.5,SALE,2026-05-19 0:09:59,,11.99306713
도겸x승관 2026 - 대구,2026-05-29,D-2,2026-05-31,8984785,2026-05-31 17:00,일반(지정석),플로어석 (Floor),206,3,86,현장도움,1,현장,NO,700000,143000,557000,389.5,SALE,2026-05-13 17:46:21,,17.25947917
도겸x승관 2026 - 대구,2026-05-29,D-2,2026-05-31,9029455,2026-05-31 17:00,일반(지정석),플로어석 (Floor),102,19,86,외국인O 현장도움O,1,현장,NO,750000,143000,607000,424.5,SALE,2026-05-19 17:46:52,,11.25912037
도겸x승관 2026 - 대구,2026-05-29,D-2,2026-05-31,8912695,2026-05-30 18:00,일반(지정석),플로어석 (Floor),102,8,,무대쪽,1,PIN,NO,780000,143000,637000,445.5,SALE,2026-05-04 20:12:41,,26.1578588
도겸x승관 2026 - 대구,2026-05-29,D-2,2026-05-31,9043071,2026-05-31 17:00,일반(지정석),플로어석 (Floor),103,9,86,현장도움,1,현장,NO,800000,143000,657000,459.4,SALE,2026-05-21 16:07:49,,9.327905093
도겸x승관 2026 - 대구,2026-05-29,D-2,2026-05-31,9036746,2026-05-31 17:00,일반(지정석),플로어석 (Floor),103,9,86,현장도움,1,현장,NO,990000,143000,847000,592.3,SALE,2026-05-20 20:23:17,,10.15049769
도겸x승관 2026 - 대구,2026-05-30,D-1,2026-05-31,9124551,2026-05-31 17:00,일반(지정석),플로어석 (Floor),205,7,86,,1,현장/기타,NO,200000,143000,57000,39.9,SALE,2026-05-30 14:23:53,,0.4000810185
도겸x승관 2026 - 대구,2026-05-30,D-1,2026-05-31,9125768,2026-05-31 17:00,일반(지정석),플로어석 (Floor),104,13,86,통로근처 현장도움,1,현장,NO,230000,143000,87000,60.8,SALE,2026-05-30 17:16:15,,0.2803819444
도겸x승관 2026 - 대구,2026-05-30,D-1,2026-05-31,9126018,2026-05-31 17:00,일반(지정석),플로어석 (Floor),202,16,86,현장도움 팔찌,1,현장,NO,250000,143000,107000,74.8,SALE,2026-05-30 18:18:40,,0.237037037
도겸x승관 2026 - 대구,2026-05-30,D-1,2026-05-31,9121371,2026-05-31 17:00,일반(지정석),플로어석 (Floor),102,5,86,5~10번 현장,1,현장,NO,550000,143000,407000,284.6,SALE,2026-05-30 10:43:16,,0.553287037
도겸x승관 2026 - 대구,2026-05-30,D-1,2026-05-31,9119278,2026-05-31 17:00,일반(지정석),플로어석 (Floor),102,5,86,,1,현장,NO,560000,143000,417000,291.6,SALE,2026-05-30 0:11:04,,0.9923148148
도겸x승관 2026 - 대구,2026-05-30,D-1,2026-05-31,9119315,2026-05-31 17:00,일반(지정석),플로어석 (Floor),102,17,86,팔찌옮김,1,현장,NO,590000,143000,447000,312.6,SALE,2026-05-30 0:16:19,,0.9886689815
도겸x승관 2026 - 대구,2026-05-30,D-1,2026-05-31,9123556,2026-05-31 17:00,일반(지정석),플로어석 (Floor),104,4,86,2-7,1,현장,NO,600000,143000,457000,319.6,SALE,2026-05-30 12:21:34,,0.4850231481
도겸x승관 2026 - 대구,2026-05-30,D-1,2026-05-31,9126195,2026-05-31 17:00,일반(지정석),플로어석 (Floor),103,4,86,막콘 현장도움 ok,1,현장,NO,990000,143000,847000,592.3,SALE,2026-05-30 19:03:45,,0.2057291667
라이즈 (RIIZE) 2026 - 인천,2026-05-29,D-1,2026-05-30,9116192,2026-05-30 18:00,부희주석,플로어석 (Floor),9,13,,,1,현장,NO,130000,55000,75000,136.4,SALE,2026-05-29 16:21:33,,0.3183680556
라이즈 (RIIZE) 2026 - 인천,2026-05-29,D-1,2026-05-30,8854109,2026-05-30 18:00,부희주석,플로어석 (Floor),9,13,,,1,기타,NO,150000,55000,95000,172.7,SALE,2026-04-27 21:00:02,,32.12497685
라이즈 (RIIZE) 2026 - 인천,2026-05-29,D-1,2026-05-30,9116227,2026-05-30 18:00,부희주석,플로어석 (Floor),7,9,,현장거래,1,현장,NO,170000,55000,115000,209.1,SALE,2026-05-29 16:25:31,,0.3156134259
라이즈 (RIIZE) 2026 - 인천,2026-05-29,D-1,2026-05-30,9115807,2026-05-30 18:00,부희주석,플로어석 (Floor),7,무대정면라이즈앞12,,초명당단석빠른전달O,1,기타,NO,174500,55000,119500,217.3,SALE,2026-05-29 15:29:18,,0.3546527778
라이즈 (RIIZE) 2026 - 인천,2026-05-29,D-1,2026-05-30,9116100,2026-05-30 18:00,부희주석,플로어석 (Floor),7,13,86,,1,현장,NO,180000,55000,125000,227.3,SALE,2026-05-29 16:12:03,,0.3249652778
라이즈 (RIIZE) 2026 - 인천,2026-05-29,D-1,2026-05-30,9102923,2026-05-30 18:00,부희주석,플로어석 (Floor),9,15,,,1,배송,NO,180000,55000,125000,227.3,SALE,2026-05-28 10:51:09,,1.5478125
라이즈 (RIIZE) 2026 - 인천,2026-05-29,D-1,2026-05-30,9099924,2026-05-30 18:00,부희주석,플로어석 (Floor),9,8,,통로근처,1,배송,NO,180000,55000,125000,227.3,SALE,2026-05-27 22:02:44,,2.081435185
라이즈 (RIIZE) 2026 - 인천,2026-05-29,D-1,2026-05-30,9085416,2026-05-30 18:00,부희주석,플로어석 (Floor),7,13,,,1,현장,NO,180000,55000,125000,227.3,SALE,2026-05-26 14:36:59,,3.390983796
라이즈 (RIIZE) 2026 - 인천,2026-05-29,D-1,2026-05-30,9029773,2026-05-30 18:00,부희주석,플로어석 (Floor),8,7,,,1,배송/현장,NO,180000,55000,125000,227.3,SALE,2026-05-19 18:52:29,,10.21355324
라이즈 (RIIZE) 2026 - 인천,2026-05-29,D-1,2026-05-30,9029771,2026-05-30 13:00,부희주석,플로어석 (Floor),8,6,,,1,배송/현장,NO,180000,55000,125000,227.3,SALE,2026-05-19 18:51:57,,10.21392361
라이즈 (RIIZE) 2026 - 인천,2026-05-29,D-1,2026-05-30,8864548,2026-05-30 13:00,부희주석,플로어석 (Floor),7,11,,퀵으로 보내드립니다,1,배송,NO,180000,55000,125000,227.3,SALE,2026-04-28 17:13:01,,31.28262731
라이즈 (RIIZE) 2026 - 인천,2026-05-29,D-1,2026-05-30,8854602,2026-05-30 18:00,부희주석,플로어석 (Floor),9,6,,통로석 발롯코,1,현장,NO,180000,55000,125000,227.3,SALE,2026-04-27 21:59:12,,32.08388889
라이즈 (RIIZE) 2026 - 인천,2026-05-29,D-1,2026-05-30,8854467,2026-05-30 18:00,부희주석,플로어석 (Floor),7,9,,"오블, 사진O",1,현장,NO,180000,55000,125000,227.3,SALE,2026-04-27 21:40:11,,32.09709491
라이즈 (RIIZE) 2026 - 인천,2026-05-29,D-1,2026-05-30,9099004,2026-05-30 18:00,부희주석,플로어석 (Floor),8,6,,통로쪽,1,현장,NO,189000,55000,134000,243.6,SALE,2026-05-27 19:59:07,,2.167280093
라이즈 (RIIZE) 2026 - 인천,2026-05-29,D-1,2026-05-30,9113336,2026-05-30 13:00,부희주석,플로어석 (Floor),9,8,,왼블,1,현장,NO,190000,55000,135000,245.5,SALE,2026-05-29 11:34:37,,0.5176273148
라이즈 (RIIZE) 2026 - 인천,2026-05-29,D-1,2026-05-30,9111829,2026-05-30 18:00,부희주석,플로어석 (Floor),8,9,,,1,현장,NO,190000,55000,135000,245.5,SALE,2026-05-29 10:32:16,,0.5609259259
라이즈 (RIIZE) 2026 - 인천,2026-05-29,D-1,2026-05-30,9036888,2026-05-30 18:00,부희주석,플로어석 (Floor),7,6,86,,1,현장,NO,190000,55000,135000,245.5,SALE,2026-05-20 20:52:52,,9.129953704
라이즈 (RIIZE) 2026 - 인천,2026-05-29,D-1,2026-05-30,9029784,2026-05-30 18:00,부희주석,플로어석 (Floor),6,12,,,1,배송/현장,NO,190000,55000,135000,245.5,SALE,2026-05-19 18:57:45,,10.20989583
라이즈 (RIIZE) 2026 - 인천,2026-05-29,D-1,2026-05-30,8874095,2026-05-30 18:00,부희주석,플로어석 (Floor),8,15,86,,1,배송/현장,NO,190000,55000,135000,245.5,SALE,2026-04-29 17:43:42,,30.26131944
라이즈 (RIIZE) 2026 - 인천,2026-05-29,D-1,2026-05-30,9109258,2026-05-30 13:00,부희주석,플로어석 (Floor),8,4,,중앙,1,현장,NO,195000,55000,140000,254.5,SALE,2026-05-28 22:10:12,,1.07625
라이즈 (RIIZE) 2026 - 인천,2026-05-29,D-1,2026-05-30,9107726,2026-05-30 18:00,부희주석,플로어석 (Floor),9,10,,현장전달,1,현장,NO,195000,55000,140000,254.5,SALE,2026-05-28 17:51:29,,1.255914352
라이즈 (RIIZE) 2026 - 인천,2026-05-29,D-1,2026-05-30,9115710,2026-05-30 18:00,부희주석,플로어석 (Floor),4,11,,현장 사진O,1,현장/기타,NO,200000,55000,145000,263.6,SALE,2026-05-29 15:18:56,,0.3618518518
라이즈 (RIIZE) 2026 - 인천,2026-05-29,D-1,2026-05-30,9115258,2026-05-30 13:00,부희주석,플로어석 (Floor),7,9,,사진 O,1,현장,NO,200000,55000,145000,263.6,SALE,2026-05-29 14:38:45,,0.3897569444
라이즈 (RIIZE) 2026 - 인천,2026-05-29,D-1,2026-05-30,9115243,2026-05-30 18:00,부희주석,플로어석 (Floor),4,10,86,2X,1,현장,NO,200000,55000,145000,263.6,SALE,2026-05-29 14:36:57,,0.3910069444
라이즈 (RIIZE) 2026 - 인천,2026-05-29,D-1,2026-05-30,9115161,2026-05-30 13:00,부희주석,플로어석 (Floor),5,15,,,1,현장,NO,200000,55000,145000,263.6,SALE,2026-05-29 14:29:41,,0.3960532407
라이즈 (RIIZE) 2026 - 인천,2026-05-29,D-1,2026-05-30,9111853,2026-05-30 18:00,부희주석,플로어석 (Floor),6,14,86,사이드 발롯코 명당,1,현장,NO,200000,55000,145000,263.6,SALE,2026-05-29 10:34:35,,0.5593171296
라이즈 (RIIZE) 2026 - 인천,2026-05-29,D-1,2026-05-30,9108471,2026-05-30 13:00,부희주석,플로어석 (Floor),9,11,,,1,기타,NO,200000,55000,145000,263.6,SALE,2026-05-28 20:20:42,,1.152291667
라이즈 (RIIZE) 2026 - 인천,2026-05-29,D-1,2026-05-30,9106232,2026-05-30 18:00,부희주석,플로어석 (Floor),8,10,,퀵도착설명필독,1,배송,NO,200000,55000,145000,263.6,SALE,2026-05-28 14:46:18,,1.384513889
라이즈 (RIIZE) 2026 - 인천,2026-05-29,D-1,2026-05-30,9095334,2026-05-30 18:00,부희주석,플로어석 (Floor),7,4,86,,1,현장,NO,200000,55000,145000,263.6,SALE,2026-05-27 13:33:28,,2.435092593
라이즈 (RIIZE) 2026 - 인천,2026-05-29,D-1,2026-05-30,9079277,2026-05-30 18:00,부희주석,플로어석 (Floor),8,8,,익일특급,1,배송/현장,NO,200000,55000,145000,263.6,SALE,2026-05-26 6:28:43,,3.73005787
라이즈 (RIIZE) 2026 - 인천,2026-05-29,D-1,2026-05-30,9055649,2026-05-30 18:00,부희주석,플로어석 (Floor),9,4,,,1,배송/현장,NO,200000,55000,145000,263.6,SALE,2026-05-22 17:08:20,,7.28587963
라이즈 (RIIZE) 2026 - 인천,2026-05-29,D-1,2026-05-30,9021852,2026-05-30 18:00,부희주석,플로어석 (Floor),7,5,,,1,배송/현장,NO,200000,55000,145000,263.6,SALE,2026-05-18 11:00:04,,11.54162037
라이즈 (RIIZE) 2026 - 인천,2026-05-29,D-1,2026-05-30,8926766,2026-05-30 18:00,부희주석,플로어석 (Floor),8,13,,,1,현장,NO,200000,55000,145000,263.6,SALE,2026-05-06 20:09:50,,23.15983796
라이즈 (RIIZE) 2026 - 인천,2026-05-29,D-1,2026-05-30,8926705,2026-05-30 13:00,부희주석,플로어석 (Floor),8,13,,,1,현장,NO,200000,55000,145000,263.6,SALE,2026-05-06 20:02:07,,23.16519676
라이즈 (RIIZE) 2026 - 인천,2026-05-29,D-1,2026-05-30,8855092,2026-05-30 18:00,부희주석,플로어석 (Floor),8,10,,좌석 사진 O,1,배송/현장,NO,200000,55000,145000,263.6,SALE,2026-04-27 23:18:22,,32.02891204
라이즈 (RIIZE) 2026 - 인천,2026-05-29,D-1,2026-05-30,8853637,2026-05-30 18:00,부희주석,플로어석 (Floor),8,14,,,1,현장,NO,200000,55000,145000,263.6,SALE,2026-04-27 20:17:42,,32.154375
라이즈 (RIIZE) 2026 - 인천,2026-05-29,D-1,2026-05-30,9100609,2026-05-30 18:00,부희주석,플로어석 (Floor),9,5,86,,1,현장,NO,210000,55000,155000,281.8,SALE,2026-05-27 23:20:02,,2.02775463
라이즈 (RIIZE) 2026 - 인천,2026-05-29,D-1,2026-05-30,9087405,2026-05-30 18:00,부희주석,플로어석 (Floor),9,3,,,1,현장,NO,210000,55000,155000,281.8,SALE,2026-05-26 17:31:03,,3.270104167
라이즈 (RIIZE) 2026 - 인천,2026-05-29,D-1,2026-05-30,8854152,2026-05-30 18:00,부희주석,플로어석 (Floor),7,4,,배송지변경 재배송,1,현장,NO,210000,55000,155000,281.8,SALE,2026-04-27 21:03:39,,32.12246528
라이즈 (RIIZE) 2026 - 인천,2026-05-29,D-1,2026-05-30,9037958,2026-05-30 13:00,부희주석,플로어석 (Floor),9,14,,,1,현장,NO,212000,55000,157000,285.5,SALE,2026-05-21 0:20:27,,8.985798611
라이즈 (RIIZE) 2026 - 인천,2026-05-29,D-1,2026-05-30,9110928,2026-05-30 13:00,부희주석,플로어석 (Floor),5,13,,1n번,1,현장,NO,220000,55000,165000,300,SALE,2026-05-29 8:39:54,,0.6389583333
라이즈 (RIIZE) 2026 - 인천,2026-05-29,D-1,2026-05-30,9090532,2026-05-30 18:00,부희주석,플로어석 (Floor),5,16,,,1,배송,NO,222000,55000,167000,303.6,SALE,2026-05-27 0:30:20,,2.978935185
라이즈 (RIIZE) 2026 - 인천,2026-05-29,D-1,2026-05-30,9089053,2026-05-30 18:00,부희주석,플로어석 (Floor),6,15,86,중오블 위치,1,배송/현장/기타,NO,229000,55000,174000,316.4,SALE,2026-05-26 21:05:28,,3.121203704
라이즈 (RIIZE) 2026 - 인천,2026-05-29,D-1,2026-05-30,9108906,2026-05-30 13:00,부희주석,플로어석 (Floor),8,2,,발롯코 2열,1,현장,NO,230000,55000,175000,318.2,SALE,2026-05-28 21:18:53,,1.111886574
라이즈 (RIIZE) 2026 - 인천,2026-05-29,D-1,2026-05-30,9084523,2026-05-30 18:00,부희주석,플로어석 (Floor),7,11,,,1,기타,NO,230000,55000,175000,318.2,SALE,2026-05-26 13:25:49,,3.440405093
라이즈 (RIIZE) 2026 - 인천,2026-05-29,D-1,2026-05-30,9083144,2026-05-30 18:00,부희주석,플로어석 (Floor),5,15,,,1,배송,NO,230000,55000,175000,318.2,SALE,2026-05-26 11:51:01,,3.506238426
라이즈 (RIIZE) 2026 - 인천,2026-05-29,D-1,2026-05-30,8992649,2026-05-30 13:00,부희주석,플로어석 (Floor),8,10,,퀵배송설명필독,1,배송,NO,230000,55000,175000,318.2,SALE,2026-05-14 16:40:53,,15.30494213
라이즈 (RIIZE) 2026 - 인천,2026-05-29,D-1,2026-05-30,8896112,2026-05-30 18:00,부희주석,플로어석 (Floor),8,15,,,1,현장,NO,230000,55000,175000,318.2,SALE,2026-05-02 13:09:50,,27.45150463
라이즈 (RIIZE) 2026 - 인천,2026-05-29,D-1,2026-05-30,9106429,2026-05-30 18:00,부희주석,플로어석 (Floor),6,14,,중간좌석,1,현장,NO,240000,55000,185000,336.4,SALE,2026-05-28 15:10:32,,1.367685185
라이즈 (RIIZE) 2026 - 인천,2026-05-29,D-1,2026-05-30,9076915,2026-05-30 18:00,부희주석,플로어석 (Floor),8,5,86,5번내,1,배송/현장,NO,240000,55000,185000,336.4,SALE,2026-05-25 15:24:05,,4.358275463
라이즈 (RIIZE) 2026 - 인천,2026-05-29,D-1,2026-05-30,9115221,2026-05-30 18:00,부희주석,플로어석 (Floor),4,14,,,1,현장,NO,250000,55000,195000,354.5,SALE,2026-05-29 14:35:22,,0.3921064815
라이즈 (RIIZE) 2026 - 인천,2026-05-29,D-1,2026-05-30,9110487,2026-05-30 13:00,부희주석,플로어석 (Floor),7,14,,5번이내 통로가까움,1,현장,NO,250000,55000,195000,354.5,SALE,2026-05-29 2:43:56,,0.8861574074
라이즈 (RIIZE) 2026 - 인천,2026-05-29,D-1,2026-05-30,9109348,2026-05-30 18:00,부희주석,플로어석 (Floor),8,2,,사진 O,1,현장,NO,250000,55000,195000,354.5,SALE,2026-05-28 22:23:36,,1.066944444
라이즈 (RIIZE) 2026 - 인천,2026-05-29,D-1,2026-05-30,9077593,2026-05-30 18:00,부희주석,플로어석 (Floor),5,14,,,1,배송/기타,NO,250000,55000,195000,354.5,SALE,2026-05-25 18:18:05,,4.23744213
라이즈 (RIIZE) 2026 - 인천,2026-05-29,D-1,2026-05-30,9074986,2026-05-30 13:00,부희주석,플로어석 (Floor),6,15,,,1,현장,NO,250000,55000,195000,354.5,SALE,2026-05-25 1:59:22,,4.917106481
라이즈 (RIIZE) 2026 - 인천,2026-05-29,D-1,2026-05-30,9041783,2026-05-30 18:00,부희주석,플로어석 (Floor),9,15,,,1,현장,NO,250000,55000,195000,354.5,SALE,2026-05-21 14:12:29,,8.407997685
라이즈 (RIIZE) 2026 - 인천,2026-05-29,D-1,2026-05-30,8999430,2026-05-30 18:00,부희주석,플로어석 (Floor),8,11,,현장전달,1,기타,NO,250000,55000,195000,354.5,SALE,2026-05-15 11:53:23,,14.50459491
라이즈 (RIIZE) 2026 - 인천,2026-05-29,D-1,2026-05-30,8854686,2026-05-30 18:00,부희주석,플로어석 (Floor),4,15,,,1,기타,NO,250000,55000,195000,354.5,SALE,2026-04-27 22:13:31,,32.07394676
라이즈 (RIIZE) 2026 - 인천,2026-05-29,D-1,2026-05-30,8854049,2026-05-30 18:00,부희주석,플로어석 (Floor),9,7,,,1,현장,NO,250000,55000,195000,354.5,SALE,2026-04-27 20:53:01,,32.12984954
라이즈 (RIIZE) 2026 - 인천,2026-05-29,D-1,2026-05-30,8854008,2026-05-30 13:00,부희주석,플로어석 (Floor),9,5,,,1,현장,NO,250000,55000,195000,354.5,SALE,2026-04-27 20:48:51,,32.13274306
라이즈 (RIIZE) 2026 - 인천,2026-05-29,D-1,2026-05-30,9110669,2026-05-30 13:00,부희주석,플로어석 (Floor),4,14,86,통로 옆,1,현장,NO,260000,55000,205000,372.7,SALE,2026-05-29 7:20:30,,0.6940972222
라이즈 (RIIZE) 2026 - 인천,2026-05-29,D-1,2026-05-30,9109708,2026-05-30 13:00,부희주석,플로어석 (Floor),7,7,86,,1,현장,NO,260000,55000,205000,372.7,SALE,2026-05-28 23:10:18,,1.034513889
라이즈 (RIIZE) 2026 - 인천,2026-05-29,D-1,2026-05-30,9107069,2026-05-30 18:00,부희주석,플로어석 (Floor),6,10,,,1,배송/현장,NO,260000,55000,205000,372.7,SALE,2026-05-28 16:22:59,,1.317372685
라이즈 (RIIZE) 2026 - 인천,2026-05-29,D-1,2026-05-30,9100218,2026-05-30 18:00,부희주석,플로어석 (Floor),6,11,,,1,현장,NO,260000,55000,205000,372.7,SALE,2026-05-27 22:36:10,,2.058217593
라이즈 (RIIZE) 2026 - 인천,2026-05-29,D-1,2026-05-30,9099511,2026-05-30 18:00,부희주석,플로어석 (Floor),4,10,,,1,현장,NO,260000,55000,205000,372.7,SALE,2026-05-27 21:17:17,,2.112997685
라이즈 (RIIZE) 2026 - 인천,2026-05-29,D-1,2026-05-30,9067466,2026-05-30 13:00,부희주석,플로어석 (Floor),5,12,,퀵 배송OK,1,배송,NO,260000,55000,205000,372.7,SALE,2026-05-23 23:31:48,,6.019583333
라이즈 (RIIZE) 2026 - 인천,2026-05-29,D-1,2026-05-30,8865658,2026-05-30 18:00,부희주석,플로어석 (Floor),4,10,,통로근처,1,현장,NO,260000,55000,205000,372.7,SALE,2026-04-28 19:26:23,,31.19001157
라이즈 (RIIZE) 2026 - 인천,2026-05-29,D-1,2026-05-30,9096597,2026-05-30 18:00,부희주석,플로어석 (Floor),4,12,,,1,배송/현장,NO,270000,55000,215000,390.9,SALE,2026-05-27 15:44:45,,2.343923611
라이즈 (RIIZE) 2026 - 인천,2026-05-29,D-1,2026-05-30,9096043,2026-05-30 18:00,부희주석,플로어석 (Floor),8,6,,,1,현장,NO,270000,55000,215000,390.9,SALE,2026-05-27 14:43:03,,2.386770833
라이즈 (RIIZE) 2026 - 인천,2026-05-29,D-1,2026-05-30,8946280,2026-05-30 18:00,부희주석,플로어석 (Floor),6,11,,퀵 배송 가능,1,배송/현장,NO,270000,55000,215000,390.9,SALE,2026-05-08 23:19:04,,21.02842593
라이즈 (RIIZE) 2026 - 인천,2026-05-29,D-1,2026-05-30,8880422,2026-05-30 18:00,부희주석,플로어석 (Floor),4,15,86,,1,배송/현장,NO,270000,55000,215000,390.9,SALE,2026-04-30 14:40:59,,29.38820602
라이즈 (RIIZE) 2026 - 인천,2026-05-29,D-1,2026-05-30,8979157,2026-05-30 18:00,부희주석,플로어석 (Floor),7,15,,,1,배송,NO,275000,55000,220000,400,SALE,2026-05-13 2:55:09,,16.87836806
라이즈 (RIIZE) 2026 - 인천,2026-05-29,D-1,2026-05-30,9108063,2026-05-30 13:00,부희주석,플로어석 (Floor),3,20,,,1,배송/현장,NO,280000,55000,225000,409.1,SALE,2026-05-28 19:00:15,,1.208159722
라이즈 (RIIZE) 2026 - 인천,2026-05-29,D-1,2026-05-30,9067430,2026-05-30 13:00,부희주석,플로어석 (Floor),3,16,,,1,배송/현장,NO,280000,55000,225000,409.1,SALE,2026-05-23 23:24:56,,6.024351852
라이즈 (RIIZE) 2026 - 인천,2026-05-29,D-1,2026-05-30,9056634,2026-05-30 18:00,부희주석,플로어석 (Floor),3,17,,,1,배송/현장,NO,280000,55000,225000,409.1,SALE,2026-05-22 18:44:41,,7.218969907
라이즈 (RIIZE) 2026 - 인천,2026-05-29,D-1,2026-05-30,8872567,2026-05-30 18:00,부희주석,플로어석 (Floor),6,8,,1n번,1,배송/현장,NO,280000,55000,225000,409.1,SALE,2026-04-29 14:50:45,,30.38142361
라이즈 (RIIZE) 2026 - 인천,2026-05-29,D-1,2026-05-30,8976530,2026-05-30 18:00,부희주석,플로어석 (Floor),4,13,,,1,배송/현장,NO,290000,55000,235000,427.3,SALE,2026-05-12 19:08:17,,17.20258102
라이즈 (RIIZE) 2026 - 인천,2026-05-29,D-1,2026-05-30,8889183,2026-05-30 18:00,부희주석,플로어석 (Floor),9,6,,,1,배송,NO,290000,55000,235000,427.3,SALE,2026-05-01 16:06:00,,28.32916667
라이즈 (RIIZE) 2026 - 인천,2026-05-29,D-1,2026-05-30,9112608,2026-05-30 13:00,부희주석,플로어석 (Floor),9,9~12,,발롯코 2열,1,현장,NO,300000,55000,245000,445.5,SALE,2026-05-29 11:12:53,,0.5327199074
라이즈 (RIIZE) 2026 - 인천,2026-05-29,D-1,2026-05-30,9096523,2026-05-30 13:00,부희주석,플로어석 (Floor),5,12,,,1,현장,NO,300000,55000,245000,445.5,SALE,2026-05-27 15:35:43,,2.350196759
라이즈 (RIIZE) 2026 - 인천,2026-05-29,D-1,2026-05-30,9094451,2026-05-30 18:00,부희주석,플로어석 (Floor),3,18,,,1,배송/현장,NO,300000,55000,245000,445.5,SALE,2026-05-27 12:11:58,,2.491689815
라이즈 (RIIZE) 2026 - 인천,2026-05-29,D-1,2026-05-30,9077755,2026-05-30 18:00,부희주석,플로어석 (Floor),4,8,,,1,배송/현장,NO,300000,55000,245000,445.5,SALE,2026-05-25 19:37:46,,4.182106481
라이즈 (RIIZE) 2026 - 인천,2026-05-29,D-1,2026-05-30,9074045,2026-05-30 18:00,부희주석,플로어석 (Floor),4,14,,명당,1,배송/현장,NO,300000,55000,245000,445.5,SALE,2026-05-24 21:44:29,,5.094108796
라이즈 (RIIZE) 2026 - 인천,2026-05-29,D-1,2026-05-30,9033736,2026-05-30 18:00,부희주석,플로어석 (Floor),5,14,,,1,배송,NO,300000,55000,245000,445.5,SALE,2026-05-20 13:03:51,,9.455659722
라이즈 (RIIZE) 2026 - 인천,2026-05-29,D-1,2026-05-30,9026821,2026-05-30 18:00,부희주석,플로어석 (Floor),9,5,86,GLOBAL OK,1,배송/현장,NO,300000,55000,245000,445.5,SALE,2026-05-19 11:40:12,,10.51375
라이즈 (RIIZE) 2026 - 인천,2026-05-29,D-1,2026-05-30,8978803,2026-05-30 18:00,부희주석,플로어석 (Floor),5,15,86,1X,1,현장,NO,300000,55000,245000,445.5,SALE,2026-05-13 0:43:07,,16.97005787
라이즈 (RIIZE) 2026 - 인천,2026-05-29,D-1,2026-05-30,8855451,2026-05-30 18:00,부희주석,플로어석 (Floor),4,10,,,1,현장,NO,300000,55000,245000,445.5,SALE,2026-04-28 0:43:20,,31.96990741
라이즈 (RIIZE) 2026 - 인천,2026-05-29,D-1,2026-05-30,8854130,2026-05-30 13:00,부희주석,플로어석 (Floor),9,12,,,1,배송,NO,300000,55000,245000,445.5,SALE,2026-04-27 21:02:02,,32.12358796
라이즈 (RIIZE) 2026 - 인천,2026-05-29,D-1,2026-05-30,8853892,2026-05-30 13:00,부희주석,플로어석 (Floor),6,16,,중블,1,배송,NO,300000,55000,245000,445.5,SALE,2026-04-27 20:37:19,,32.14075231
라이즈 (RIIZE) 2026 - 인천,2026-05-29,D-1,2026-05-30,8853845,2026-05-30 18:00,부희주석,플로어석 (Floor),3,18,,,1,배송,NO,300000,55000,245000,445.5,SALE,2026-04-27 20:33:24,,32.14347222
라이즈 (RIIZE) 2026 - 인천,2026-05-29,D-1,2026-05-30,8853642,2026-05-30 18:00,부희주석,플로어석 (Floor),6,9,86,n번 사진O,1,현장,NO,300000,55000,245000,445.5,SALE,2026-04-27 20:17:58,,32.15418981
라이즈 (RIIZE) 2026 - 인천,2026-05-29,D-1,2026-05-30,9023123,2026-05-30 18:00,부희주석,플로어석 (Floor),3,20,,발롯코 2열,1,배송,NO,310000,55000,255000,463.6,SALE,2026-05-18 16:01:42,,11.33215278
라이즈 (RIIZE) 2026 - 인천,2026-05-29,D-1,2026-05-30,9099242,2026-05-30 18:00,부희주석,플로어석 (Floor),3,21,,,1,배송,NO,320000,55000,265000,481.8,SALE,2026-05-27 20:38:38,,2.139837963
라이즈 (RIIZE) 2026 - 인천,2026-05-29,D-1,2026-05-30,9079100,2026-05-30 18:00,부희주석,플로어석 (Floor),1,16,,,1,배송/현장,NO,320000,55000,265000,481.8,SALE,2026-05-26 1:08:27,,3.952465278
라이즈 (RIIZE) 2026 - 인천,2026-05-29,D-1,2026-05-30,9045588,2026-05-30 13:00,부희주석,플로어석 (Floor),5,9,,,1,배송,NO,320000,55000,265000,481.8,SALE,2026-05-21 23:04:14,,8.038726852
라이즈 (RIIZE) 2026 - 인천,2026-05-29,D-1,2026-05-30,8853901,2026-05-30 13:00,부희주석,플로어석 (Floor),5,9,,9열 중앙쪽,1,배송,NO,320000,55000,265000,481.8,SALE,2026-04-27 20:38:20,,32.1400463
라이즈 (RIIZE) 2026 - 인천,2026-05-29,D-1,2026-05-30,9108083,2026-05-30 18:00,부희주석,플로어석 (Floor),3,21,,,1,배송/현장,NO,330000,55000,275000,500,SALE,2026-05-28 19:03:26,,1.205949074
라이즈 (RIIZE) 2026 - 인천,2026-05-29,D-1,2026-05-30,9075066,2026-05-30 18:00,부희주석,플로어석 (Floor),3,21,,퀵 가능,1,배송/현장,NO,330000,55000,275000,500,SALE,2026-05-25 3:40:23,,4.846956019
라이즈 (RIIZE) 2026 - 인천,2026-05-29,D-1,2026-05-30,9100856,2026-05-30 18:00,부희주석,플로어석 (Floor),1,21,86,,1,현장,NO,340000,55000,285000,518.2,SALE,2026-05-27 23:54:41,,2.00369213
라이즈 (RIIZE) 2026 - 인천,2026-05-29,D-1,2026-05-30,9032289,2026-05-30 18:00,부희주석,플로어석 (Floor),3,21,,연석가능설명필수,1,배송,NO,340000,55000,285000,518.2,SALE,2026-05-20 11:10:25,,9.53443287
라이즈 (RIIZE) 2026 - 인천,2026-05-29,D-1,2026-05-30,9030150,2026-05-30 18:00,부희주석,플로어석 (Floor),4,9,,1-9 사이 좌석,1,배송,NO,340000,55000,285000,518.2,SALE,2026-05-19 20:39:07,,10.13950231
라이즈 (RIIZE) 2026 - 인천,2026-05-29,D-1,2026-05-30,9115223,2026-05-30 13:00,부희주석,플로어석 (Floor),3,13,86,1X,1,현장,NO,350000,55000,295000,536.4,SALE,2026-05-29 14:35:24,,0.3920833333
라이즈 (RIIZE) 2026 - 인천,2026-05-29,D-1,2026-05-30,9110890,2026-05-30 13:00,부희주석,플로어석 (Floor),5,8,,,1,현장,NO,350000,55000,295000,536.4,SALE,2026-05-29 8:28:58,,0.6465509259
라이즈 (RIIZE) 2026 - 인천,2026-05-29,D-1,2026-05-30,9110518,2026-05-30 18:00,부희주석,플로어석 (Floor),3,14,86,,1,현장,NO,350000,55000,295000,536.4,SALE,2026-05-29 3:50:04,,0.8402314815
라이즈 (RIIZE) 2026 - 인천,2026-05-29,D-1,2026-05-30,9101855,2026-05-30 13:00,부희주석,플로어석 (Floor),1,14,,우측통로명당석,1,배송/현장,NO,350000,55000,295000,536.4,SALE,2026-05-28 8:49:21,,1.632395833
라이즈 (RIIZE) 2026 - 인천,2026-05-29,D-1,2026-05-30,9084460,2026-05-30 18:00,부희주석,플로어석 (Floor),6,2,,사진O,1,현장,NO,350000,55000,295000,536.4,SALE,2026-05-26 13:19:13,,3.444988426
라이즈 (RIIZE) 2026 - 인천,2026-05-29,D-1,2026-05-30,9067488,2026-05-30 18:00,부희주석,플로어석 (Floor),4,11,,,1,배송/현장,NO,350000,55000,295000,536.4,SALE,2026-05-23 23:35:27,,6.017048611
라이즈 (RIIZE) 2026 - 인천,2026-05-29,D-1,2026-05-30,9067477,2026-05-30 18:00,부희주석,플로어석 (Floor),5,4,,퀵 배송OK,1,배송/현장,NO,350000,55000,295000,536.4,SALE,2026-05-23 23:33:06,,6.018680556
라이즈 (RIIZE) 2026 - 인천,2026-05-29,D-1,2026-05-30,9067436,2026-05-30 18:00,부희주석,플로어석 (Floor),3,18,,,1,배송/현장,NO,350000,55000,295000,536.4,SALE,2026-05-23 23:25:46,,6.023773148
라이즈 (RIIZE) 2026 - 인천,2026-05-29,D-1,2026-05-30,8914490,2026-05-30 13:00,부희주석,플로어석 (Floor),7,13,,,1,기타,NO,350000,55000,295000,536.4,SALE,2026-05-05 3:52:25,,24.83859954
라이즈 (RIIZE) 2026 - 인천,2026-05-29,D-1,2026-05-30,8854938,2026-05-30 13:00,부희주석,플로어석 (Floor),6,13,,,1,배송,NO,350000,55000,295000,536.4,SALE,2026-04-27 22:46:13,,32.05123843
라이즈 (RIIZE) 2026 - 인천,2026-05-29,D-1,2026-05-30,8854056,2026-05-30 18:00,부희주석,플로어석 (Floor),6,9,86,,1,현장/기타,NO,350000,55000,295000,536.4,SALE,2026-04-27 20:53:38,,32.1294213
라이즈 (RIIZE) 2026 - 인천,2026-05-29,D-1,2026-05-30,8853743,2026-05-30 18:00,부희주석,플로어석 (Floor),5,15,,,1,배송,NO,350000,55000,295000,536.4,SALE,2026-04-27 20:24:41,,32.14952546
라이즈 (RIIZE) 2026 - 인천,2026-05-29,D-1,2026-05-30,8853562,2026-05-30 18:00,부희주석,플로어석 (Floor),3,19,,,1,기타,NO,350000,55000,295000,536.4,SALE,2026-04-27 20:11:56,,32.15837963
라이즈 (RIIZE) 2026 - 인천,2026-05-29,D-1,2026-05-30,9110517,2026-05-30 13:00,부희주석,플로어석 (Floor),3,14,86,,1,현장,NO,370000,55000,315000,572.7,SALE,2026-05-29 3:49:03,,0.8409375
라이즈 (RIIZE) 2026 - 인천,2026-05-29,D-1,2026-05-30,9106162,2026-05-30 18:00,부희주석,플로어석 (Floor),5,10,86,왼~중앙,1,현장,NO,370000,55000,315000,572.7,SALE,2026-05-28 14:39:18,,1.389375
라이즈 (RIIZE) 2026 - 인천,2026-05-29,D-1,2026-05-30,9090198,2026-05-30 18:00,부희주석,플로어석 (Floor),3,11,,1X,1,배송,NO,370000,55000,315000,572.7,SALE,2026-05-26 23:33:37,,3.018321759
라이즈 (RIIZE) 2026 - 인천,2026-05-29,D-1,2026-05-30,8854616,2026-05-30 13:00,부희주석,플로어석 (Floor),2,14,,,1,현장,NO,370000,55000,315000,572.7,SALE,2026-04-27 22:02:27,,32.08163194
라이즈 (RIIZE) 2026 - 인천,2026-05-29,D-1,2026-05-30,9110501,2026-05-30 13:00,부희주석,플로어석 (Floor),3,13,86,,1,현장,NO,380000,55000,325000,590.9,SALE,2026-05-29 3:14:06,,0.8652083333
라이즈 (RIIZE) 2026 - 인천,2026-05-29,D-1,2026-05-30,9109310,2026-05-30 18:00,부희주석,플로어석 (Floor),1,12,,,1,배송,NO,380000,55000,325000,590.9,SALE,2026-05-28 22:17:56,,1.07087963
라이즈 (RIIZE) 2026 - 인천,2026-05-29,D-1,2026-05-30,9067461,2026-05-30 18:00,부희주석,플로어석 (Floor),2,19,,,1,배송/현장,NO,380000,55000,325000,590.9,SALE,2026-05-23 23:29:53,,6.020914352
라이즈 (RIIZE) 2026 - 인천,2026-05-29,D-1,2026-05-30,9063581,2026-05-30 18:00,부희주석,플로어석 (Floor),7,1,86,중앙,1,배송/현장,NO,380000,55000,325000,590.9,SALE,2026-05-23 13:08:42,,6.452291667
라이즈 (RIIZE) 2026 - 인천,2026-05-29,D-1,2026-05-30,9045583,2026-05-30 18:00,부희주석,플로어석 (Floor),6,5,,,1,배송,NO,380000,55000,325000,590.9,SALE,2026-05-21 23:03:36,,8.039166667
라이즈 (RIIZE) 2026 - 인천,2026-05-29,D-1,2026-05-30,8976254,2026-05-30 13:00,부희주석,플로어석 (Floor),2,16,,,1,배송/현장,NO,380000,55000,325000,590.9,SALE,2026-05-12 18:21:01,,17.23540509
라이즈 (RIIZE) 2026 - 인천,2026-05-29,D-1,2026-05-30,8854419,2026-05-30 18:00,부희주석,플로어석 (Floor),3,12,,,1,배송,NO,380000,55000,325000,590.9,SALE,2026-04-27 21:33:36,,32.10166667
라이즈 (RIIZE) 2026 - 인천,2026-05-29,D-1,2026-05-30,9038121,2026-05-30 13:00,부희주석,플로어석 (Floor),5,9,86,중블,1,배송/현장,NO,389000,55000,334000,607.3,SALE,2026-05-21 1:36:05,,8.933275463
라이즈 (RIIZE) 2026 - 인천,2026-05-29,D-1,2026-05-30,8854325,2026-05-30 18:00,부희주석,플로어석 (Floor),9,3,,,1,배송,NO,390000,55000,335000,609.1,SALE,2026-04-27 21:20:26,,32.11081019
라이즈 (RIIZE) 2026 - 인천,2026-05-29,D-1,2026-05-30,8853800,2026-05-30 13:00,부희주석,플로어석 (Floor),3,15,,,1,배송/현장/기타,NO,395000,55000,340000,618.2,SALE,2026-04-27 20:29:38,,32.14608796
라이즈 (RIIZE) 2026 - 인천,2026-05-29,D-1,2026-05-30,8853941,2026-05-30 18:00,부희주석,플로어석 (Floor),5,14,86,,1,현장,NO,399000,55000,344000,625.5,SALE,2026-04-27 20:41:46,,32.13766204
라이즈 (RIIZE) 2026 - 인천,2026-05-29,D-1,2026-05-30,9113927,2026-05-30 18:00,부희주석,플로어석 (Floor),8,12,,,1,현장,NO,400000,55000,345000,627.3,SALE,2026-05-29 12:16:24,,0.4886111111
라이즈 (RIIZE) 2026 - 인천,2026-05-29,D-1,2026-05-30,9110498,2026-05-30 13:00,부희주석,플로어석 (Floor),1,12,86,,1,현장,NO,400000,55000,345000,627.3,SALE,2026-05-29 3:09:58,,0.8680787037
라이즈 (RIIZE) 2026 - 인천,2026-05-29,D-1,2026-05-30,9089684,2026-05-30 18:00,부희주석,플로어석 (Floor),1,21,,사진참고,1,현장,NO,400000,55000,345000,627.3,SALE,2026-05-26 22:21:36,,3.068333333
라이즈 (RIIZE) 2026 - 인천,2026-05-29,D-1,2026-05-30,9033388,2026-05-30 13:00,부희주석,플로어석 (Floor),5,6,,중앙,1,배송,NO,400000,55000,345000,627.3,SALE,2026-05-20 12:30:16,,9.478981481
라이즈 (RIIZE) 2026 - 인천,2026-05-29,D-1,2026-05-30,8999462,2026-05-30 18:00,부희주석,플로어석 (Floor),1,15,,현장전달,1,기타,NO,400000,55000,345000,627.3,SALE,2026-05-15 11:55:54,,14.50284722
라이즈 (RIIZE) 2026 - 인천,2026-05-29,D-1,2026-05-30,8880758,2026-05-30 18:00,부희주석,플로어석 (Floor),4,14,,사진 o,1,배송,NO,400000,55000,345000,627.3,SALE,2026-04-30 15:26:19,,29.35672454
라이즈 (RIIZE) 2026 - 인천,2026-05-29,D-1,2026-05-30,8854179,2026-05-30 18:00,부희주석,플로어석 (Floor),6,8,,,1,배송/기타,NO,400000,55000,345000,627.3,SALE,2026-04-27 21:06:08,,32.12074074
라이즈 (RIIZE) 2026 - 인천,2026-05-29,D-1,2026-05-30,8854171,2026-05-30 13:00,부희주석,플로어석 (Floor),3,13,,,1,배송/기타,NO,400000,55000,345000,627.3,SALE,2026-04-27 21:05:26,,32.12122685
라이즈 (RIIZE) 2026 - 인천,2026-05-29,D-1,2026-05-30,8853973,2026-05-30 18:00,부희주석,플로어석 (Floor),2,19,,퀵배송설명필독,1,배송,NO,400000,55000,345000,627.3,SALE,2026-04-27 20:44:52,,32.13550926
라이즈 (RIIZE) 2026 - 인천,2026-05-29,D-1,2026-05-30,8853797,2026-05-30 18:00,부희주석,플로어석 (Floor),3,11,,배변,1,배송,NO,400000,55000,345000,627.3,SALE,2026-04-27 20:29:22,,32.14627315
라이즈 (RIIZE) 2026 - 인천,2026-05-29,D-1,2026-05-30,9108106,2026-05-30 13:00,부희주석,플로어석 (Floor),1,12,,Global OK,1,현장,NO,415000,55000,360000,654.5,SALE,2026-05-28 19:06:55,,1.203530093
라이즈 (RIIZE) 2026 - 인천,2026-05-29,D-1,2026-05-30,9110500,2026-05-30 18:00,부희주석,플로어석 (Floor),1,11,86,,1,현장,NO,420000,55000,365000,663.6,SALE,2026-05-29 3:11:00,,0.8673611111
라이즈 (RIIZE) 2026 - 인천,2026-05-29,D-1,2026-05-30,9110497,2026-05-30 18:00,부희주석,플로어석 (Floor),1,11,86,,1,현장,NO,420000,55000,365000,663.6,SALE,2026-05-29 3:07:29,,0.8698032407
라이즈 (RIIZE) 2026 - 인천,2026-05-29,D-1,2026-05-30,8866340,2026-05-30 13:00,부희주석,플로어석 (Floor),1,19,,사진 O,1,현장,NO,420000,55000,365000,663.6,SALE,2026-04-28 21:00:13,,31.12484954
라이즈 (RIIZE) 2026 - 인천,2026-05-29,D-1,2026-05-30,8853645,2026-05-30 18:00,부희주석,플로어석 (Floor),1,14,,,1,배송/현장,NO,420000,55000,365000,663.6,SALE,2026-04-27 20:18:08,,32.15407407
라이즈 (RIIZE) 2026 - 인천,2026-05-29,D-1,2026-05-30,8867752,2026-05-30 18:00,부희주석,플로어석 (Floor),7,3,,통로석 매우가까움,1,배송,NO,430000,55000,375000,681.8,SALE,2026-04-29 0:29:05,,30.97980324
라이즈 (RIIZE) 2026 - 인천,2026-05-29,D-1,2026-05-30,8854413,2026-05-30 13:00,부희주석,플로어석 (Floor),2,16,,,1,배송,NO,430000,55000,375000,681.8,SALE,2026-04-27 21:32:33,,32.10239583
라이즈 (RIIZE) 2026 - 인천,2026-05-29,D-1,2026-05-30,9116132,2026-05-30 13:00,부희주석,플로어석 (Floor),2,16,86,1n 정중앙,1,현장,NO,440000,55000,385000,700,SALE,2026-05-29 16:15:07,,0.3228356481
라이즈 (RIIZE) 2026 - 인천,2026-05-29,D-1,2026-05-30,9108095,2026-05-30 13:00,부희주석,플로어석 (Floor),2,15,,현장 전달,1,현장,NO,440000,55000,385000,700,SALE,2026-05-28 19:05:25,,1.204571759
라이즈 (RIIZE) 2026 - 인천,2026-05-29,D-1,2026-05-30,9090207,2026-05-30 13:00,부희주석,플로어석 (Floor),2,16,,x 5번이내,1,배송,NO,440000,55000,385000,700,SALE,2026-05-26 23:34:52,,3.017453704
라이즈 (RIIZE) 2026 - 인천,2026-05-29,D-1,2026-05-30,9075065,2026-05-30 13:00,부희주석,플로어석 (Floor),2,16,,,1,배송/현장,NO,440000,55000,385000,700,SALE,2026-05-25 3:39:11,,4.847789352
라이즈 (RIIZE) 2026 - 인천,2026-05-29,D-1,2026-05-30,8874253,2026-05-30 13:00,부희주석,플로어석 (Floor),1,11,,,1,배송/현장,NO,440000,55000,385000,700,SALE,2026-04-29 18:12:16,,30.24148148
라이즈 (RIIZE) 2026 - 인천,2026-05-29,D-1,2026-05-30,9113011,2026-05-30 18:00,부희주석,플로어석 (Floor),2,18,,중블,1,현장,NO,450000,55000,395000,718.2,SALE,2026-05-29 11:23:00,,0.5256944444
라이즈 (RIIZE) 2026 - 인천,2026-05-29,D-1,2026-05-30,9110525,2026-05-30 13:00,부희주석,플로어석 (Floor),2,12,86,,1,현장,NO,450000,55000,395000,718.2,SALE,2026-05-29 4:04:25,,0.8302662037
라이즈 (RIIZE) 2026 - 인천,2026-05-29,D-1,2026-05-30,8867421,2026-05-30 13:00,부희주석,플로어석 (Floor),7,1,,,1,현장,NO,450000,55000,395000,718.2,SALE,2026-04-28 23:39:07,,31.01450231
라이즈 (RIIZE) 2026 - 인천,2026-05-29,D-1,2026-05-30,8853933,2026-05-30 18:00,부희주석,플로어석 (Floor),8,10월 11일,,통로석 사진O,1,현장,NO,450000,55000,395000,718.2,SALE,2026-04-27 20:41:01,,32.13818287
라이즈 (RIIZE) 2026 - 인천,2026-05-29,D-1,2026-05-30,9045795,2026-05-30 18:00,부희주석,플로어석 (Floor),3,19,,,1,배송/기타,NO,470000,55000,415000,754.5,SALE,2026-05-21 23:34:15,,8.017881944
라이즈 (RIIZE) 2026 - 인천,2026-05-29,D-1,2026-05-30,9111105,2026-05-30 18:00,부희주석,플로어석 (Floor),1,19,,우측,1,현장/기타,NO,480000,55000,425000,772.7,SALE,2026-05-29 9:13:49,,0.6154050926
라이즈 (RIIZE) 2026 - 인천,2026-05-29,D-1,2026-05-30,9099168,2026-05-30 13:00,부희주석,플로어석 (Floor),6,14,,,1,현장,NO,500000,55000,445000,809.1,SALE,2026-05-27 20:26:23,,2.148344907
라이즈 (RIIZE) 2026 - 인천,2026-05-29,D-1,2026-05-30,9046183,2026-05-30 18:00,부희주석,플로어석 (Floor),1,19,,,1,현장/기타,NO,500000,55000,445000,809.1,SALE,2026-05-22 1:12:17,,7.949803241
라이즈 (RIIZE) 2026 - 인천,2026-05-29,D-1,2026-05-30,9020345,2026-05-30 18:00,부희주석,플로어석 (Floor),2,16,,1n,1,현장,NO,500000,55000,445000,809.1,SALE,2026-05-17 22:14:53,,12.07299769
라이즈 (RIIZE) 2026 - 인천,2026-05-29,D-1,2026-05-30,8904984,2026-05-30 18:00,부희주석,플로어석 (Floor),3,15,86,,1,배송/현장,NO,500000,55000,445000,809.1,SALE,2026-05-03 14:08:22,,26.41085648
라이즈 (RIIZE) 2026 - 인천,2026-05-29,D-1,2026-05-30,8888904,2026-05-30 13:00,부희주석,플로어석 (Floor),1,17,,N번 2구역쪽,1,배송/기타,NO,500000,55000,445000,809.1,SALE,2026-05-01 15:29:47,,28.35431713
라이즈 (RIIZE) 2026 - 인천,2026-05-29,D-1,2026-05-30,8876349,2026-05-30 18:00,부희주석,플로어석 (Floor),4,9,,,1,배송,NO,500000,55000,445000,809.1,SALE,2026-04-30 0:04:44,,29.99671296
라이즈 (RIIZE) 2026 - 인천,2026-05-29,D-1,2026-05-30,8854969,2026-05-30 13:00,부희주석,플로어석 (Floor),2,21,,,1,배송/기타,NO,500000,55000,445000,809.1,SALE,2026-04-27 22:50:57,,32.04795139
라이즈 (RIIZE) 2026 - 인천,2026-05-29,D-1,2026-05-30,8854209,2026-05-30 18:00,부희주석,플로어석 (Floor),2,초명당 21 뒷 1,86,상세내용 확인,1,배송/현장,NO,500000,55000,445000,809.1,SALE,2026-04-27 21:08:46,,32.11891204
라이즈 (RIIZE) 2026 - 인천,2026-05-29,D-1,2026-05-30,8853608,2026-05-30 18:00,부희주석,플로어석 (Floor),7,14,,,1,배송,NO,500000,55000,445000,809.1,SALE,2026-04-27 20:16:08,,32.15546296
라이즈 (RIIZE) 2026 - 인천,2026-05-29,D-1,2026-05-30,8853878,2026-05-30 18:00,부희주석,플로어석 (Floor),3,20,,,1,배송,NO,530000,55000,475000,863.6,SALE,2026-04-27 20:35:44,,32.14185185
라이즈 (RIIZE) 2026 - 인천,2026-05-29,D-1,2026-05-30,8853736,2026-05-30 13:00,부희주석,플로어석 (Floor),8,8,,,1,배송,NO,530000,55000,475000,863.6,SALE,2026-04-27 20:24:13,,32.14984954
라이즈 (RIIZE) 2026 - 인천,2026-05-29,D-1,2026-05-30,9095373,2026-05-30 18:00,부희주석,플로어석 (Floor),3,10,,,1,배송/현장,NO,550000,55000,495000,900,SALE,2026-05-27 13:37:33,,2.432256944
라이즈 (RIIZE) 2026 - 인천,2026-05-29,D-1,2026-05-30,9003190,2026-05-30 18:00,부희주석,플로어석 (Floor),3,12,,1-5번 사이,1,배송/현장/기타,NO,550000,55000,495000,900,SALE,2026-05-15 19:16:02,,14.19719907
라이즈 (RIIZE) 2026 - 인천,2026-05-29,D-1,2026-05-30,8898205,2026-05-30 18:00,부희주석,플로어석 (Floor),3,20,,사진O,1,현장,NO,550000,55000,495000,900,SALE,2026-05-02 17:49:38,,27.25719907
라이즈 (RIIZE) 2026 - 인천,2026-05-29,D-1,2026-05-30,8854743,2026-05-30 13:00,부희주석,플로어석 (Floor),5,9,86,중앙자리,1,배송/현장,NO,550000,55000,495000,900,SALE,2026-04-27 22:21:12,,32.06861111
라이즈 (RIIZE) 2026 - 인천,2026-05-29,D-1,2026-05-30,9000564,2026-05-30 13:00,부희주석,플로어석 (Floor),3,9,,,1,배송/현장,NO,570000,55000,515000,936.4,SALE,2026-05-15 13:53:34,,14.42113426
라이즈 (RIIZE) 2026 - 인천,2026-05-29,D-1,2026-05-30,9108118,2026-05-30 13:00,부희주석,플로어석 (Floor),1,6,,,1,배송/현장,NO,580000,55000,525000,954.5,SALE,2026-05-28 19:08:21,,1.202534722
라이즈 (RIIZE) 2026 - 인천,2026-05-29,D-1,2026-05-30,8868169,2026-05-30 13:00,부희주석,플로어석 (Floor),5,13,,,1,배송,NO,580000,55000,525000,954.5,SALE,2026-04-29 5:05:33,,30.7878125
라이즈 (RIIZE) 2026 - 인천,2026-05-29,D-1,2026-05-30,9045575,2026-05-30 18:00,부희주석,플로어석 (Floor),2,11,,,1,현장,NO,600000,55000,545000,990.9,SALE,2026-05-21 23:02:37,,8.039849537
라이즈 (RIIZE) 2026 - 인천,2026-05-29,D-1,2026-05-30,8854335,2026-05-30 13:00,부희주석,플로어석 (Floor),3,13,,좌석사진O,1,배송/현장,NO,600000,55000,545000,990.9,SALE,2026-04-27 21:21:56,,32.10976852
라이즈 (RIIZE) 2026 - 인천,2026-05-29,D-1,2026-05-30,8854258,2026-05-30 18:00,부희주석,플로어석 (Floor),4,8,,우측좌석,1,배송,NO,600000,55000,545000,990.9,SALE,2026-04-27 21:14:19,,32.11505787
라이즈 (RIIZE) 2026 - 인천,2026-05-29,D-1,2026-05-30,9090865,2026-05-30 18:00,부희주석,플로어석 (Floor),2,14,86,발롯코 최적의 통로,1,배송/현장,NO,630000,55000,575000,1045.5,SALE,2026-05-27 3:37:54,,2.848680556
라이즈 (RIIZE) 2026 - 인천,2026-05-29,D-1,2026-05-30,9067396,2026-05-30 13:00,부희주석,플로어석 (Floor),1,5,,,1,배송/현장,NO,650000,55000,595000,1081.8,SALE,2026-05-23 23:18:28,,6.028842593
라이즈 (RIIZE) 2026 - 인천,2026-05-29,D-1,2026-05-30,8854954,2026-05-30 13:00,부희주석,플로어석 (Floor),3,21,,,1,배송,NO,660000,55000,605000,1100,SALE,2026-04-27 22:48:38,,32.04956019
라이즈 (RIIZE) 2026 - 인천,2026-05-29,D-1,2026-05-30,9073494,2026-05-30 13:00,부희주석,플로어석 (Floor),1,4,,,1,배송/현장,NO,670000,55000,615000,1118.2,SALE,2026-05-24 19:34:31,,5.184363426
라이즈 (RIIZE) 2026 - 인천,2026-05-29,D-1,2026-05-30,9108136,2026-05-30 13:00,부희주석,플로어석 (Floor),3,5,,,1,배송/현장,NO,700000,55000,645000,1172.7,SALE,2026-05-28 19:11:57,,1.200034722
라이즈 (RIIZE) 2026 - 인천,2026-05-29,D-1,2026-05-30,9094554,2026-05-30 18:00,부희주석,플로어석 (Floor),2,21,86,빠른배송지변경,1,PIN/배송/현장,NO,700000,55000,645000,1172.7,SALE,2026-05-27 12:19:19,,2.486585648
라이즈 (RIIZE) 2026 - 인천,2026-05-29,D-1,2026-05-30,9090718,2026-05-30 13:00,부희주석,플로어석 (Floor),2,15,86,통로,1,배송/현장,NO,700000,55000,645000,1172.7,SALE,2026-05-27 1:35:18,,2.933819444
라이즈 (RIIZE) 2026 - 인천,2026-05-29,D-1,2026-05-30,8982405,2026-05-30 18:00,부희주석,플로어석 (Floor),4,10,86,1-10번,1,현장,NO,700000,55000,645000,1172.7,SALE,2026-05-13 12:50:54,,16.46465278
라이즈 (RIIZE) 2026 - 인천,2026-05-29,D-1,2026-05-30,8868130,2026-05-30 18:00,부희주석,플로어석 (Floor),3,11,86,우통로쪽이랑 가까워,1,배송/현장,NO,700000,55000,645000,1172.7,SALE,2026-04-29 4:10:06,,30.82631944
라이즈 (RIIZE) 2026 - 인천,2026-05-29,D-1,2026-05-30,8855441,2026-05-30 18:00,부희주석,플로어석 (Floor),3,13,,n번,1,배송/현장,NO,700000,55000,645000,1172.7,SALE,2026-04-28 0:37:11,,31.97417824
라이즈 (RIIZE) 2026 - 인천,2026-05-29,D-1,2026-05-30,8854353,2026-05-30 18:00,부희주석,플로어석 (Floor),5,11,,좌석사진O,1,배송/현장,NO,700000,55000,645000,1172.7,SALE,2026-04-27 21:24:39,,32.10788194
라이즈 (RIIZE) 2026 - 인천,2026-05-29,D-1,2026-05-30,8853769,2026-05-30 13:00,부희주석,플로어석 (Floor),2,15,,배변,1,배송,NO,700000,55000,645000,1172.7,SALE,2026-04-27 20:27:11,,32.14778935
라이즈 (RIIZE) 2026 - 인천,2026-05-29,D-1,2026-05-30,9108125,2026-05-30 18:00,부희주석,플로어석 (Floor),3,5,,,1,배송/현장,NO,770000,55000,715000,1300,SALE,2026-05-28 19:09:50,,1.20150463
라이즈 (RIIZE) 2026 - 인천,2026-05-29,D-1,2026-05-30,9072099,2026-05-30 18:00,부희주석,플로어석 (Floor),3,7,,,1,배송/기타,NO,800000,55000,745000,1354.5,SALE,2026-05-24 13:35:44,,5.433518519
라이즈 (RIIZE) 2026 - 인천,2026-05-29,D-1,2026-05-30,9026786,2026-05-30 13:00,부희주석,플로어석 (Floor),2,9,86,GLOBAL OK,1,배송/현장,NO,800000,55000,745000,1354.5,SALE,2026-05-19 11:37:44,,10.51546296
라이즈 (RIIZE) 2026 - 인천,2026-05-29,D-1,2026-05-30,8906398,2026-05-30 18:00,부희주석,플로어석 (Floor),1,8,,자리 사진 참고,1,배송/현장,NO,800000,55000,745000,1354.5,SALE,2026-05-03 19:00:12,,26.20819444
라이즈 (RIIZE) 2026 - 인천,2026-05-29,D-1,2026-05-30,8882332,2026-05-30 18:00,부희주석,플로어석 (Floor),1,19,,,1,배송,NO,800000,55000,745000,1354.5,SALE,2026-04-30 19:59:57,,29.16670139
라이즈 (RIIZE) 2026 - 인천,2026-05-29,D-1,2026-05-30,8876641,2026-05-30 18:00,부희주석,플로어석 (Floor),2,11,,정중앙 센터,1,배송,NO,800000,55000,745000,1354.5,SALE,2026-04-30 1:05:29,,29.95452546
라이즈 (RIIZE) 2026 - 인천,2026-05-29,D-1,2026-05-30,8896190,2026-05-30 18:00,부희주석,플로어석 (Floor),1,09월 12일,86,1번 통로석,1,배송,NO,850000,55000,795000,1445.5,SALE,2026-05-02 13:16:33,,27.44684028
라이즈 (RIIZE) 2026 - 인천,2026-05-29,D-1,2026-05-30,8887548,2026-05-30 13:00,부희주석,플로어석 (Floor),2,14,,,1,배송,NO,900000,55000,845000,1536.4,SALE,2026-05-01 12:32:49,,28.47721065
라이즈 (RIIZE) 2026 - 인천,2026-05-29,D-1,2026-05-30,8853821,2026-05-30 18:00,부희주석,플로어석 (Floor),3,15,86,,1,배송/현장,NO,900000,55000,845000,1536.4,SALE,2026-04-27 20:30:53,,32.14521991
라이즈 (RIIZE) 2026 - 인천,2026-05-29,D-1,2026-05-30,8855162,2026-05-30 13:00,부희주석,플로어석 (Floor),3,15,86,n번 2구역쪽,1,PIN,NO,950000,55000,895000,1627.3,SALE,2026-04-27 23:37:01,,32.01596065
라이즈 (RIIZE) 2026 - 인천,2026-05-29,D-1,2026-05-30,9031164,2026-05-30 18:00,부희주석,플로어석 (Floor),2,14,,중블,1,배송/현장,NO,990000,55000,935000,1700,SALE,2026-05-20 2:11:59,,9.908344907
라이즈 (RIIZE) 2026 - 인천,2026-05-29,D-1,2026-05-30,9108142,2026-05-30 18:00,부희주석,플로어석 (Floor),3,2,,,1,배송/현장,NO,999000,55000,944000,1716.4,SALE,2026-05-28 19:12:48,,1.199444444
라이즈 (RIIZE) 2026 - 인천,2026-05-29,D-1,2026-05-30,9029792,2026-05-30 18:00,부희주석,플로어석 (Floor),1,2,,,1,배송/현장,NO,999000,55000,944000,1716.4,SALE,2026-05-19 19:00:04,,10.20828704
라이즈 (RIIZE) 2026 - 인천,2026-05-29,D-1,2026-05-30,8855113,2026-05-30 13:00,부희주석,플로어석 (Floor),3,11,,,1,배송,NO,999000,55000,944000,1716.4,SALE,2026-04-27 23:24:22,,32.02474537
라이즈 (RIIZE) 2026 - 인천,2026-05-29,D-1,2026-05-30,8934269,2026-05-30 18:00,부희주석,플로어석 (Floor),4,8,,1n번,1,배송/현장,NO,999900,55000,944900,1718,SALE,2026-05-07 23:05:57,,22.03753472
라이즈 (RIIZE) 2026 - 인천,2026-05-29,D-1,2026-05-30,8863192,2026-05-30 18:00,부희주석,플로어석 (Floor),5,11,,,1,배송,NO,999900,55000,944900,1718,SALE,2026-04-28 15:51:37,,31.33915509
박지훈 2026 - 고양,2026-05-29,D-1,2026-05-30,9102876,2026-05-30 18:00,R,플로어석 (Floor),12,22,86,,1,현장,NO,50000,132000,-82000,-62.1,SALE,2026-05-28 10:45:14,,1.551921296
박지훈 2026 - 고양,2026-05-29,D-1,2026-05-30,8927273,2026-05-30 18:00,S,플로어석 (Floor),18,8열14번,,좌석 사진 O,1,배송,NO,150000,121000,29000,24,SALE,2026-05-06 21:42:57,,23.09517361
박지훈 2026 - 고양,2026-05-29,D-1,2026-05-30,9078850,2026-05-31 17:00,S,플로어석 (Floor),18,5,,,1,현장,NO,160000,121000,39000,32.2,SALE,2026-05-25 23:36:53,,4.016053241
박지훈 2026 - 고양,2026-05-29,D-1,2026-05-30,9019454,2026-05-30 18:00,S,플로어석 (Floor),16,9,,,1,배송,NO,192000,121000,71000,58.7,SALE,2026-05-17 17:53:35,,12.25445602
박지훈 2026 - 고양,2026-05-29,D-1,2026-05-30,9088483,2026-05-30 18:00,R,플로어석 (Floor),8,3,86,,1,현장,NO,200000,132000,68000,51.5,SALE,2026-05-26 20:12:41,,3.157858796
박지훈 2026 - 고양,2026-05-29,D-1,2026-05-30,9085479,2026-05-30 18:00,R,플로어석 (Floor),1,7,86,,1,배송/현장/기타,NO,200000,132000,68000,51.5,SALE,2026-05-26 14:43:10,,3.386689815
박지훈 2026 - 고양,2026-05-29,D-1,2026-05-30,9030531,2026-05-31 17:00,R,플로어석 (Floor),12,12,,,1,배송,NO,200000,132000,68000,51.5,SALE,2026-05-19 22:32:36,,10.06069444
박지훈 2026 - 고양,2026-05-29,D-1,2026-05-30,8946497,2026-05-30 18:00,R,플로어석 (Floor),12,10,,,1,기타,NO,210000,132000,78000,59.1,SALE,2026-05-08 23:52:19,,21.00533565
박지훈 2026 - 고양,2026-05-29,D-1,2026-05-30,9073337,2026-05-31 17:00,R,플로어석 (Floor),8,10,,,1,현장,NO,220000,132000,88000,66.7,SALE,2026-05-24 18:47:50,,5.216782407
박지훈 2026 - 고양,2026-05-29,D-1,2026-05-30,9059718,2026-05-31 17:00,R,플로어석 (Floor),1,20,86,,1,현장/기타,NO,230000,132000,98000,74.2,SALE,2026-05-23 4:15:15,,6.822743056
박지훈 2026 - 고양,2026-05-29,D-1,2026-05-30,8955409,2026-05-31 17:00,R,플로어석 (Floor),12,24,86,,1,배송/현장,NO,250000,132000,118000,89.4,SALE,2026-05-10 0:33:52,,19.97648148
박지훈 2026 - 고양,2026-05-29,D-1,2026-05-30,8926758,2026-05-31 17:00,R,플로어석 (Floor),15,17,,,1,배송,NO,250000,132000,118000,89.4,SALE,2026-05-06 20:09:09,,23.1603125
박지훈 2026 - 고양,2026-05-29,D-1,2026-05-30,8923206,2026-05-31 17:00,R,플로어석 (Floor),15,16,86,,1,배송/현장,NO,250000,132000,118000,89.4,SALE,2026-05-06 12:21:11,,23.48528935
박지훈 2026 - 고양,2026-05-29,D-1,2026-05-30,8987937,2026-05-31 17:00,R,플로어석 (Floor),12,2,,,1,배송/현장,NO,290000,132000,158000,119.7,SALE,2026-05-14 9:28:05,,15.60549769
박지훈 2026 - 고양,2026-05-29,D-1,2026-05-30,9116009,2026-05-30 18:00,VIP,플로어석 (Floor),3,10,,현장전달,1,현장,NO,335000,165000,170000,103,SALE,2026-05-29 15:59:09,,0.3339236111
박지훈 2026 - 고양,2026-05-29,D-1,2026-05-30,9089568,2026-05-31 17:00,VIP,플로어석 (Floor),7,1,,,1,현장,NO,350000,165000,185000,112.1,SALE,2026-05-26 22:04:32,,3.080185185
박지훈 2026 - 고양,2026-05-29,D-1,2026-05-30,9014498,2026-05-30 18:00,VIP,플로어석 (Floor),7,12,,14번,1,배송,NO,350000,165000,185000,112.1,SALE,2026-05-17 10:16:20,,12.57199074
박지훈 2026 - 고양,2026-05-29,D-1,2026-05-30,9056257,2026-05-31 17:00,VIP,플로어석 (Floor),9,6,,재배송,1,배송,NO,359000,165000,194000,117.6,SALE,2026-05-22 18:04:24,,7.246944444
박지훈 2026 - 고양,2026-05-29,D-1,2026-05-30,9107773,2026-05-31 17:00,VIP,플로어석 (Floor),3,8,,,1,배송/현장,NO,380000,165000,215000,130.3,SALE,2026-05-28 17:59:18,,1.250486111
박지훈 2026 - 고양,2026-05-29,D-1,2026-05-30,9080031,2026-05-30 18:00,VIP,플로어석 (Floor),7,5,86,,1,배송/현장,NO,400000,165000,235000,142.4,SALE,2026-05-26 10:10:57,,3.575729167
박지훈 2026 - 고양,2026-05-29,D-1,2026-05-30,8947156,2026-05-30 18:00,VIP,플로어석 (Floor),10,실질7열 8,86,현장 도움,1,현장,NO,400000,165000,235000,142.4,SALE,2026-05-09 1:41:07,,20.92978009
박지훈 2026 - 고양,2026-05-29,D-1,2026-05-30,8932837,2026-05-30 18:00,VIP,플로어석 (Floor),6,10,,,1,배송,NO,420000,165000,255000,154.5,SALE,2026-05-07 18:41:22,,22.22127315
박지훈 2026 - 고양,2026-05-29,D-1,2026-05-30,9099546,2026-05-31 17:00,VIP,플로어석 (Floor),9,4,,,1,기타,NO,450000,165000,285000,172.7,SALE,2026-05-27 21:20:28,,2.110787037
박지훈 2026 - 고양,2026-05-29,D-1,2026-05-30,9090138,2026-05-30 18:00,VIP,플로어석 (Floor),6,13,,사진ㅇ,1,현장,NO,450000,165000,285000,172.7,SALE,2026-05-26 23:24:16,,3.024814815
박지훈 2026 - 고양,2026-05-29,D-1,2026-05-30,9075027,2026-05-30 18:00,VIP,플로어석 (Floor),10,4,86,현장도움,1,현장,NO,500000,165000,335000,203,SALE,2026-05-25 2:43:06,,4.886736111
박지훈 2026 - 고양,2026-05-29,D-1,2026-05-30,9055000,2026-05-31 17:00,VIP,플로어석 (Floor),7,1,,1번,1,배송/기타,NO,500000,165000,335000,203,SALE,2026-05-22 16:14:50,,7.323032407
박지훈 2026 - 고양,2026-05-29,D-1,2026-05-30,8992852,2026-05-31 17:00,VIP,플로어석 (Floor),11,3,,,1,배송,NO,500000,165000,335000,203,SALE,2026-05-14 17:09:21,,15.28517361
박지훈 2026 - 고양,2026-05-29,D-1,2026-05-30,9037939,2026-05-31 17:00,VIP,플로어석 (Floor),6,13,,"전진, 현장도움x",1,기타,NO,550000,165000,385000,233.3,SALE,2026-05-21 0:16:25,,8.988599537
박지훈 2026 - 고양,2026-05-29,D-1,2026-05-30,8991435,2026-05-31 17:00,VIP,플로어석 (Floor),3,17,86,,1,현장,NO,550000,165000,385000,233.3,SALE,2026-05-14 14:11:56,,15.40837963
박지훈 2026 - 고양,2026-05-29,D-1,2026-05-30,8947154,2026-05-30 18:00,VIP,플로어석 (Floor),10,실질6열 7,86,현장 도움,1,현장,NO,550000,165000,385000,233.3,SALE,2026-05-09 1:40:39,,20.93010417
박지훈 2026 - 고양,2026-05-29,D-1,2026-05-30,9095328,2026-05-31 17:00,VIP,플로어석 (Floor),2,8,,사운드체크,1,배송/현장,NO,580000,165000,415000,251.5,SALE,2026-05-27 13:33:02,,2.435393519
박지훈 2026 - 고양,2026-05-29,D-1,2026-05-30,9029845,2026-05-30 18:00,VIP,플로어석 (Floor),11,3,,,1,현장,NO,590000,165000,425000,257.6,SALE,2026-05-19 19:13:43,,10.19880787
박지훈 2026 - 고양,2026-05-29,D-1,2026-05-30,9100210,2026-05-31 17:00,VIP,플로어석 (Floor),3,14,86,통로 4열이내,1,배송/현장/기타,NO,600000,165000,435000,263.6,SALE,2026-05-27 22:35:18,,2.058819444
박지훈 2026 - 고양,2026-05-29,D-1,2026-05-30,9003557,2026-05-30 18:00,VIP,플로어석 (Floor),3,6,,설명필독,1,배송,NO,600000,165000,435000,263.6,SALE,2026-05-15 20:47:54,,14.13340278
박지훈 2026 - 고양,2026-05-29,D-1,2026-05-30,8975980,2026-05-30 18:00,VIP,플로어석 (Floor),7,1,86,동반입장,1,배송/현장,NO,600000,165000,435000,263.6,SALE,2026-05-12 17:43:27,,17.26149306
박지훈 2026 - 고양,2026-05-29,D-1,2026-05-30,8974531,2026-05-30 18:00,VIP,플로어석 (Floor),2,7,,,1,배송,NO,600000,165000,435000,263.6,SALE,2026-05-12 14:51:24,,17.38097222
박지훈 2026 - 고양,2026-05-29,D-1,2026-05-30,8961689,2026-05-30 18:00,VIP,플로어석 (Floor),2,3,,,1,배송,NO,750000,165000,585000,354.5,SALE,2026-05-10 19:01:56,,19.20699074
박지훈 2026 - 고양,2026-05-29,D-1,2026-05-30,8951761,2026-05-31 17:00,VIP,플로어석 (Floor),7,5,86,무대쪽 자리,1,배송/현장/기타,NO,850000,165000,685000,415.2,SALE,2026-05-09 14:31:52,,20.39453704
박지훈 2026 - 고양,2026-05-29,D-1,2026-05-30,9066940,2026-05-31 17:00,VIP,플로어석 (Floor),7,13 열 돌출2,,n번,1,기타,NO,880000,165000,715000,433.3,SALE,2026-05-23 21:40:55,,6.096585648
박지훈 2026 - 고양,2026-05-29,D-1,2026-05-30,8975932,2026-05-31 17:00,VIP,플로어석 (Floor),10,5,86,동반입장,1,배송/현장,NO,890000,165000,725000,439.4,SALE,2026-05-12 17:37:42,,17.26548611
박지훈 2026 - 고양,2026-05-29,D-1,2026-05-30,8954217,2026-05-31 17:00,VIP,플로어석 (Floor),7,1,86,현장 도움,1,현장,NO,900000,165000,735000,445.5,SALE,2026-05-09 20:36:10,,20.14155093
박지훈 2026 - 고양,2026-05-29,D-1,2026-05-30,9075029,2026-05-31 17:00,VIP,플로어석 (Floor),10,4,86,동반입장,1,배송/현장,NO,990000,165000,825000,500,SALE,2026-05-25 2:44:38,,4.885671296
박지훈 2026 - 고양,2026-05-29,D-1,2026-05-30,9000598,2026-05-30 18:00,VIP,플로어석 (Floor),2,9~12열 실질 1,,통로석,1,기타,NO,999900,165000,834900,506,SALE,2026-05-15 14:00:40,,14.4162037